-- JAPAN TRAVEL PORTFOLIO DEMO SQL
-- Generated by scripts/generate_demo_sql.php

SET SQL_MODE = "NO_AUTO_VALUE_ON_ZERO";
START TRANSACTION;
SET time_zone = "+00:00";

/*!40101 SET @OLD_CHARACTER_SET_CLIENT=@@CHARACTER_SET_CLIENT */;
/*!40101 SET @OLD_CHARACTER_SET_RESULTS=@@CHARACTER_SET_RESULTS */;
/*!40101 SET @OLD_COLLATION_CONNECTION=@@COLLATION_CONNECTION */;
/*!40101 SET NAMES utf8mb4 */;

SET FOREIGN_KEY_CHECKS = 0;
DROP TABLE IF EXISTS `payments`, `order_items`, `orders`, `place_reviews`, `souvenirs`, `places`, `sessions`, `password_reset_tokens`, `cache_locks`, `cache`, `failed_jobs`, `job_batches`, `jobs`, `users`;
SET FOREIGN_KEY_CHECKS = 1;

CREATE TABLE `users` (
  `id` bigint unsigned NOT NULL AUTO_INCREMENT,
  `username` varchar(50) NOT NULL,
  `email` varchar(120) NOT NULL,
  `password` varchar(255) NOT NULL,
  `avatar` varchar(100) NOT NULL DEFAULT 'avatar1.png',
  `role` enum('user','admin') NOT NULL DEFAULT 'user',
  `last_seen` timestamp NULL DEFAULT NULL,
  `email_verified_at` timestamp NULL DEFAULT NULL,
  `remember_token` varchar(100) DEFAULT NULL,
  `created_at` timestamp NULL DEFAULT NULL,
  `updated_at` timestamp NULL DEFAULT NULL,
  PRIMARY KEY (`id`),
  UNIQUE KEY `users_username_unique` (`username`),
  UNIQUE KEY `users_email_unique` (`email`)
) ENGINE=InnoDB DEFAULT CHARSET=utf8mb4 COLLATE=utf8mb4_unicode_ci;

CREATE TABLE `password_reset_tokens` (
  `email` varchar(255) NOT NULL,
  `token` varchar(255) NOT NULL,
  `created_at` timestamp NULL DEFAULT NULL,
  PRIMARY KEY (`email`)
) ENGINE=InnoDB DEFAULT CHARSET=utf8mb4 COLLATE=utf8mb4_unicode_ci;

CREATE TABLE `sessions` (
  `id` varchar(255) NOT NULL,
  `user_id` bigint unsigned DEFAULT NULL,
  `ip_address` varchar(45) DEFAULT NULL,
  `user_agent` text,
  `payload` longtext NOT NULL,
  `last_activity` int NOT NULL,
  PRIMARY KEY (`id`),
  KEY `sessions_user_id_index` (`user_id`),
  KEY `sessions_last_activity_index` (`last_activity`)
) ENGINE=InnoDB DEFAULT CHARSET=utf8mb4 COLLATE=utf8mb4_unicode_ci;

CREATE TABLE `cache` (
  `key` varchar(255) NOT NULL,
  `value` mediumtext NOT NULL,
  `expiration` int NOT NULL,
  PRIMARY KEY (`key`)
) ENGINE=InnoDB DEFAULT CHARSET=utf8mb4 COLLATE=utf8mb4_unicode_ci;

CREATE TABLE `cache_locks` (
  `key` varchar(255) NOT NULL,
  `owner` varchar(255) NOT NULL,
  `expiration` int NOT NULL,
  PRIMARY KEY (`key`)
) ENGINE=InnoDB DEFAULT CHARSET=utf8mb4 COLLATE=utf8mb4_unicode_ci;

CREATE TABLE `jobs` (
  `id` bigint unsigned NOT NULL AUTO_INCREMENT,
  `queue` varchar(255) NOT NULL,
  `payload` longtext NOT NULL,
  `attempts` tinyint unsigned NOT NULL,
  `reserved_at` int unsigned DEFAULT NULL,
  `available_at` int unsigned NOT NULL,
  `created_at` int unsigned NOT NULL,
  PRIMARY KEY (`id`),
  KEY `jobs_queue_index` (`queue`)
) ENGINE=InnoDB DEFAULT CHARSET=utf8mb4 COLLATE=utf8mb4_unicode_ci;

CREATE TABLE `job_batches` (
  `id` varchar(255) NOT NULL,
  `name` varchar(255) NOT NULL,
  `total_jobs` int NOT NULL,
  `pending_jobs` int NOT NULL,
  `failed_jobs` int NOT NULL,
  `failed_job_ids` longtext NOT NULL,
  `options` mediumtext DEFAULT NULL,
  `cancelled_at` int DEFAULT NULL,
  `created_at` int NOT NULL,
  `finished_at` int DEFAULT NULL,
  PRIMARY KEY (`id`)
) ENGINE=InnoDB DEFAULT CHARSET=utf8mb4 COLLATE=utf8mb4_unicode_ci;

CREATE TABLE `failed_jobs` (
  `id` bigint unsigned NOT NULL AUTO_INCREMENT,
  `uuid` varchar(255) NOT NULL,
  `connection` text NOT NULL,
  `queue` text NOT NULL,
  `payload` longtext NOT NULL,
  `exception` longtext NOT NULL,
  `failed_at` timestamp NOT NULL DEFAULT CURRENT_TIMESTAMP,
  PRIMARY KEY (`id`),
  UNIQUE KEY `failed_jobs_uuid_unique` (`uuid`)
) ENGINE=InnoDB DEFAULT CHARSET=utf8mb4 COLLATE=utf8mb4_unicode_ci;

CREATE TABLE `places` (
  `id` bigint unsigned NOT NULL AUTO_INCREMENT,
  `name` json NOT NULL,
  `slug` varchar(180) NOT NULL,
  `description` json DEFAULT NULL,
  `image` varchar(255) DEFAULT NULL,
  `video_url` varchar(255) DEFAULT NULL,
  `gallery` text DEFAULT NULL,
  `address` varchar(255) DEFAULT NULL,
  `facilities` text DEFAULT NULL,
  `open_days` varchar(100) DEFAULT NULL,
  `open_hours` varchar(100) DEFAULT NULL,
  `opening_hours` json DEFAULT NULL,
  `created_by` bigint unsigned DEFAULT NULL,
  `created_at` timestamp NULL DEFAULT NULL,
  `updated_at` timestamp NULL DEFAULT NULL,
  PRIMARY KEY (`id`),
  UNIQUE KEY `places_slug_unique` (`slug`),
  KEY `places_created_by_index` (`created_by`),
  CONSTRAINT `places_created_by_foreign` FOREIGN KEY (`created_by`) REFERENCES `users` (`id`) ON DELETE SET NULL
) ENGINE=InnoDB DEFAULT CHARSET=utf8mb4 COLLATE=utf8mb4_unicode_ci;

CREATE TABLE `place_reviews` (
  `id` bigint unsigned NOT NULL AUTO_INCREMENT,
  `place_id` bigint unsigned NOT NULL,
  `user_id` bigint unsigned NOT NULL,
  `rating` tinyint unsigned NOT NULL,
  `comment` text DEFAULT NULL,
  `created_at` timestamp NULL DEFAULT NULL,
  `updated_at` timestamp NULL DEFAULT NULL,
  PRIMARY KEY (`id`),
  KEY `place_reviews_place_id_index` (`place_id`),
  KEY `place_reviews_user_id_index` (`user_id`),
  CONSTRAINT `place_reviews_place_id_foreign` FOREIGN KEY (`place_id`) REFERENCES `places` (`id`) ON DELETE CASCADE,
  CONSTRAINT `place_reviews_user_id_foreign` FOREIGN KEY (`user_id`) REFERENCES `users` (`id`) ON DELETE CASCADE
) ENGINE=InnoDB DEFAULT CHARSET=utf8mb4 COLLATE=utf8mb4_unicode_ci;

CREATE TABLE `souvenirs` (
  `id` bigint unsigned NOT NULL AUTO_INCREMENT,
  `name` json NOT NULL,
  `description` json DEFAULT NULL,
  `price` decimal(12,2) NOT NULL,
  `stock` int NOT NULL DEFAULT 0,
  `image` varchar(255) DEFAULT NULL,
  `created_at` timestamp NULL DEFAULT NULL,
  `updated_at` timestamp NULL DEFAULT NULL,
  PRIMARY KEY (`id`),
  KEY `souvenirs_stock_index` (`stock`)
) ENGINE=InnoDB DEFAULT CHARSET=utf8mb4 COLLATE=utf8mb4_unicode_ci;

CREATE TABLE `orders` (
  `id` bigint unsigned NOT NULL AUTO_INCREMENT,
  `user_id` bigint unsigned NOT NULL,
  `total_price` decimal(12,2) NOT NULL,
  `status` enum('pending','processing','completed','cancelled') NOT NULL DEFAULT 'pending',
  `note` text DEFAULT NULL,
  `admin_note` varchar(500) DEFAULT NULL,
  `created_at` timestamp NULL DEFAULT NULL,
  `updated_at` timestamp NULL DEFAULT NULL,
  PRIMARY KEY (`id`),
  KEY `orders_user_id_index` (`user_id`),
  KEY `orders_created_at_index` (`created_at`),
  KEY `orders_status_index` (`status`),
  CONSTRAINT `orders_user_id_foreign` FOREIGN KEY (`user_id`) REFERENCES `users` (`id`) ON DELETE CASCADE
) ENGINE=InnoDB DEFAULT CHARSET=utf8mb4 COLLATE=utf8mb4_unicode_ci;

CREATE TABLE `order_items` (
  `id` bigint unsigned NOT NULL AUTO_INCREMENT,
  `order_id` bigint unsigned NOT NULL,
  `souvenir_id` bigint unsigned DEFAULT NULL,
  `quantity` int NOT NULL,
  `price` decimal(12,2) NOT NULL,
  `product_name` varchar(255) NOT NULL DEFAULT '',
  `product_price` decimal(12,2) NOT NULL DEFAULT 0,
  `product_image` varchar(255) DEFAULT NULL,
  `created_at` timestamp NULL DEFAULT NULL,
  `updated_at` timestamp NULL DEFAULT NULL,
  PRIMARY KEY (`id`),
  KEY `order_items_order_id_index` (`order_id`),
  KEY `order_items_souvenir_id_index` (`souvenir_id`),
  CONSTRAINT `order_items_order_id_foreign` FOREIGN KEY (`order_id`) REFERENCES `orders` (`id`) ON DELETE CASCADE,
  CONSTRAINT `order_items_souvenir_id_foreign` FOREIGN KEY (`souvenir_id`) REFERENCES `souvenirs` (`id`) ON DELETE SET NULL
) ENGINE=InnoDB DEFAULT CHARSET=utf8mb4 COLLATE=utf8mb4_unicode_ci;

CREATE TABLE `payments` (
  `id` bigint unsigned NOT NULL AUTO_INCREMENT,
  `order_id` bigint unsigned NOT NULL,
  `provider` varchar(20) NOT NULL,
  `provider_ref` varchar(255) DEFAULT NULL,
  `status` varchar(20) NOT NULL DEFAULT 'pending',
  `amount` decimal(12,2) NOT NULL,
  `currency` varchar(10) NOT NULL,
  `payload_json` json DEFAULT NULL,
  `paid_at` timestamp NULL DEFAULT NULL,
  `created_at` timestamp NULL DEFAULT NULL,
  `updated_at` timestamp NULL DEFAULT NULL,
  PRIMARY KEY (`id`),
  UNIQUE KEY `payments_provider_provider_ref_unique` (`provider`,`provider_ref`),
  KEY `payments_order_id_index` (`order_id`),
  KEY `payments_status_index` (`status`),
  CONSTRAINT `payments_order_id_foreign` FOREIGN KEY (`order_id`) REFERENCES `orders` (`id`) ON DELETE CASCADE
) ENGINE=InnoDB DEFAULT CHARSET=utf8mb4 COLLATE=utf8mb4_unicode_ci;

INSERT INTO `users` (`id`, `username`, `email`, `password`, `avatar`, `role`, `last_seen`, `email_verified_at`, `remember_token`, `created_at`, `updated_at`) VALUES
(1, 'admin', 'admin@japantravel.com', '$2y$12$92IXUNpkjO0rOQ5byMi.Ye4oKoEa3Ro9llC/.og/atwOhvBeJbYy', 'avatar1.png', 'admin', NULL, '2025-01-06 11:50:00', NULL, '2025-01-06 09:50:00', '2025-01-06 09:50:00'),
(2, 'kei.watanabe', 'kei@japantravel.com', '$2y$12$92IXUNpkjO0rOQ5byMi.Ye4oKoEa3Ro9llC/.og/atwOhvBeJbYy', 'avatar1.png', 'user', NULL, '2024-12-06 13:03:00', NULL, '2024-12-06 12:03:00', '2024-12-06 12:03:00'),
(3, 'maya.kuroda', 'maya@japantravel.com', '$2y$12$92IXUNpkjO0rOQ5byMi.Ye4oKoEa3Ro9llC/.og/atwOhvBeJbYy', 'avatar1.png', 'user', NULL, '2025-01-31 18:11:00', NULL, '2025-01-31 17:11:00', '2025-01-31 17:11:00'),
(4, 'riko.suzuki', 'riko@japantravel.com', '$2y$12$92IXUNpkjO0rOQ5byMi.Ye4oKoEa3Ro9llC/.og/atwOhvBeJbYy', 'avatar1.png', 'user', NULL, '2024-10-24 17:17:00', NULL, '2024-10-24 16:17:00', '2024-10-24 16:17:00'),
(5, 'haru.nakamura', 'haru@japantravel.com', '$2y$12$92IXUNpkjO0rOQ5byMi.Ye4oKoEa3Ro9llC/.og/atwOhvBeJbYy', 'avatar1.png', 'user', NULL, '2024-12-30 14:58:00', NULL, '2024-12-30 13:58:00', '2024-12-30 13:58:00'),
(6, 'yuna.tanaka', 'yuna@japantravel.com', '$2y$12$92IXUNpkjO0rOQ5byMi.Ye4oKoEa3Ro9llC/.og/atwOhvBeJbYy', 'avatar1.png', 'user', NULL, '2024-12-22 16:21:00', NULL, '2024-12-22 15:21:00', '2024-12-22 15:21:00'),
(7, 'sora.mizuno', 'sora@japantravel.com', '$2y$12$92IXUNpkjO0rOQ5byMi.Ye4oKoEa3Ro9llC/.og/atwOhvBeJbYy', 'avatar1.png', 'user', NULL, '2024-12-23 14:10:00', NULL, '2024-12-23 13:10:00', '2024-12-23 13:10:00');

INSERT INTO `places` (`id`, `name`, `slug`, `description`, `image`, `video_url`, `gallery`, `address`, `facilities`, `open_days`, `open_hours`, `opening_hours`, `created_by`, `created_at`, `updated_at`) VALUES
(1, '{"id":"Menara Tokyo","en":"Tokyo Tower"}', 'tokyo-tower-01', '{"id":"Menara observasi klasik di kawasan Shibakoen dengan panorama kota dan museum mini sejarah Tokyo.","en":"A classic observation tower in Shibakoen with skyline views and a small Tokyo history exhibit."}', NULL, NULL, NULL, 'Shibakoen, Minato City, Tokyo', 'Observatory Deck, Cafe, Souvenir Shop, Photo Spot', 'Senin - Minggu', '09:00 - 22:00', NULL, 1, '2025-01-26 21:42:00', '2025-01-26 21:42:00'),
(2, '{"id":"Kuil Senso-ji","en":"Senso-ji Temple"}', 'senso-ji-temple-02', '{"id":"Kuil tertua di Asakusa dengan jalan belanja Nakamise dan suasana tradisional yang hidup.","en":"Tokyo''s oldest temple in Asakusa with the lively Nakamise shopping street."}', NULL, NULL, NULL, 'Asakusa, Taito City, Tokyo', 'Prayer Hall, Shopping Street, Rest Area, Info Center', 'Senin - Minggu', '06:00 - 17:00', NULL, 1, '2025-01-22 07:44:00', '2025-01-22 07:44:00'),
(3, '{"id":"Kuil Meiji Jingu","en":"Meiji Jingu Shrine"}', 'meiji-jingu-shrine-03', '{"id":"Kuil besar yang tenang di tengah hutan kota, cocok untuk rehat dari keramaian Tokyo.","en":"A serene shrine set in a city forest, ideal for a calm break from Tokyo''s bustle."}', NULL, NULL, NULL, 'Harajuku, Shibuya City, Tokyo', 'Forest Path, Prayer Hall, Rest Area, Souvenir Corner', 'Senin - Minggu', '05:00 - 18:00', NULL, 1, '2024-12-07 11:44:00', '2024-12-07 11:44:00'),
(4, '{"id":"Shibuya Crossing","en":"Shibuya Crossing"}', 'shibuya-crossing-04', '{"id":"Simpang pejalan kaki tersibuk dengan neon dan pusat belanja modern di sekitarnya.","en":"The busiest pedestrian crossing framed by neon lights and modern shopping hubs."}', NULL, NULL, NULL, 'Shibuya City, Tokyo', 'Photo Spot, Shopping, Cafes, Observation Points', 'Senin - Minggu', '24 Jam', NULL, 1, '2024-09-09 08:52:00', '2024-09-09 08:52:00'),
(5, '{"id":"Taman Ueno","en":"Ueno Park"}', 'ueno-park-05', '{"id":"Taman kota luas dengan museum, kebun binatang, dan spot piknik musiman.","en":"A spacious city park with museums, a zoo, and seasonal picnic spots."}', NULL, NULL, NULL, 'Ueno, Taito City, Tokyo', 'Museum Access, Picnic Area, Zoo, Pond', 'Senin - Minggu', '05:00 - 23:00', NULL, 1, '2024-11-14 08:43:00', '2024-11-14 08:43:00'),
(6, '{"id":"Pasar Tsukiji Outer","en":"Tsukiji Outer Market"}', 'tsukiji-outer-market-06', '{"id":"Surga kuliner pagi dengan pilihan seafood segar dan jajanan pasar khas Jepang.","en":"Morning food haven with fresh seafood and classic market snacks."}', NULL, NULL, NULL, 'Tsukiji, Chuo City, Tokyo', 'Food Stalls, Rest Area, Guided Tours, Cashless Booths', 'Senin - Minggu', '07:00 - 14:00', NULL, 1, '2024-09-02 21:33:00', '2024-09-02 21:33:00'),
(7, '{"id":"Taman Pantai Odaiba","en":"Odaiba Seaside Park"}', 'odaiba-seaside-park-07', '{"id":"Tepi pantai buatan dengan pemandangan jembatan dan skyline Tokyo.","en":"A man-made beach with views of the bridge and Tokyo skyline."}', NULL, NULL, NULL, 'Odaiba, Minato City, Tokyo', 'Seaside Walk, Photo Spot, Rest Area, Bike Rental', 'Senin - Minggu', '05:00 - 23:00', NULL, 1, '2025-01-02 12:48:00', '2025-01-02 12:48:00'),
(8, '{"id":"Kuil Fushimi Inari","en":"Fushimi Inari Shrine"}', 'fushimi-inari-shrine-08', '{"id":"Ribuan torii merah membentuk jalur mendaki menuju puncak Gunung Inari.","en":"Thousands of red torii gates create a hiking trail up Mount Inari."}', NULL, NULL, NULL, 'Fushimi Ward, Kyoto', 'Torii Trail, Rest Area, Prayer Spot, Souvenir Shop', 'Senin - Minggu', '24 Jam', NULL, 1, '2024-10-01 11:38:00', '2024-10-01 11:38:00'),
(9, '{"id":"Kuil Kiyomizu-dera","en":"Kiyomizu-dera Temple"}', 'kiyomizu-dera-temple-09', '{"id":"Kuil kayu berteras luas dengan panorama kota Kyoto dan nuansa klasik.","en":"A wooden temple with a wide terrace and panoramic Kyoto views."}', NULL, NULL, NULL, 'Higashiyama, Kyoto', 'Observation Terrace, Tea Shop, Rest Area, Photo Spot', 'Senin - Minggu', '06:00 - 18:00', NULL, 1, '2025-01-31 11:10:00', '2025-01-31 11:10:00'),
(10, '{"id":"Kuil Kinkaku-ji","en":"Kinkaku-ji Temple"}', 'kinkaku-ji-temple-10', '{"id":"Paviliun emas yang memantul di kolam, salah satu ikon Kyoto.","en":"A golden pavilion reflected on a pond, one of Kyoto''s icons."}', NULL, NULL, NULL, 'Kita Ward, Kyoto', 'Zen Garden, Souvenir Shop, Tea House, Rest Area', 'Senin - Minggu', '09:00 - 17:00', NULL, 1, '2025-01-19 11:07:00', '2025-01-19 11:07:00'),
(11, '{"id":"Hutan Bambu Arashiyama","en":"Arashiyama Bamboo Grove"}', 'arashiyama-bamboo-grove-11', '{"id":"Lorong bambu yang sejuk dengan jalur pejalan kaki dan rickshaw.","en":"Cool bamboo lanes with walking paths and rickshaw rides."}', NULL, NULL, NULL, 'Arashiyama, Kyoto', 'Walking Path, Photo Spot, Rickshaw Ride, Rest Area', 'Senin - Minggu', '24 Jam', NULL, 1, '2024-11-07 12:30:00', '2024-11-07 12:30:00'),
(12, '{"id":"Gang Hanamikoji Gion","en":"Gion Hanamikoji Street"}', 'gion-hanamikoji-street-12', '{"id":"Jalan bersejarah geisha dengan rumah teh tradisional dan suasana elegan.","en":"Historic geisha street lined with tea houses and elegant ambience."}', NULL, NULL, NULL, 'Gion, Kyoto', 'Cultural Walk, Photo Spot, Tea House, Guided Tour', 'Senin - Minggu', '09:00 - 22:00', NULL, 1, '2024-09-16 19:37:00', '2024-09-16 19:37:00'),
(13, '{"id":"Kastil Osaka","en":"Osaka Castle"}', 'osaka-castle-13', '{"id":"Kastil megah dengan taman luas dan museum sejarah di dalamnya.","en":"A grand castle with large gardens and a history museum inside."}', NULL, NULL, NULL, 'Chuo Ward, Osaka', 'Museum, Garden, Observation Deck, Souvenir Shop', 'Senin - Minggu', '09:00 - 17:00', NULL, 1, '2024-10-18 20:09:00', '2024-10-18 20:09:00'),
(14, '{"id":"Dotonbori","en":"Dotonbori"}', 'dotonbori-14', '{"id":"Distrik kuliner malam dengan papan neon dan jajanan kaki lima legendaris.","en":"Nighttime food district with neon signs and legendary street snacks."}', NULL, NULL, NULL, 'Chuo Ward, Osaka', 'Food Street, Photo Spot, Shopping, River Walk', 'Senin - Minggu', '10:00 - 00:00', NULL, 1, '2024-11-12 17:05:00', '2024-11-12 17:05:00'),
(15, '{"id":"Taman Nara","en":"Nara Park"}', 'nara-park-15', '{"id":"Taman luas dengan rusa jinak, kuil, dan jalur jalan kaki.","en":"A spacious park with friendly deer, temples, and walking trails."}', NULL, NULL, NULL, 'Nara, Nara Prefecture', 'Deer Feeding, Walking Trail, Temple Access, Picnic Area', 'Senin - Minggu', '06:00 - 22:00', NULL, 1, '2024-10-13 18:53:00', '2024-10-13 18:53:00'),
(16, '{"id":"Kastil Himeji","en":"Himeji Castle"}', 'himeji-castle-16', '{"id":"Kastil putih berlapis yang terawat, dikenal sebagai White Heron Castle.","en":"A well-preserved white castle known as the White Heron Castle."}', NULL, NULL, NULL, 'Himeji, Hyogo', 'Castle Museum, Garden, Photo Spot, Guided Tour', 'Senin - Minggu', '09:00 - 17:00', NULL, 1, '2024-09-01 17:18:00', '2024-09-01 17:18:00'),
(17, '{"id":"Taman Perdamaian Hiroshima","en":"Hiroshima Peace Memorial Park"}', 'hiroshima-peace-memorial-park-17', '{"id":"Ruang refleksi dengan museum perdamaian dan monumen bersejarah.","en":"A reflective space with the peace museum and historic monuments."}', NULL, NULL, NULL, 'Naka Ward, Hiroshima', 'Museum, Memorial, Rest Area, Guided Tour', 'Senin - Minggu', '08:30 - 18:00', NULL, 1, '2024-11-23 17:39:00', '2024-11-23 17:39:00'),
(18, '{"id":"Kuil Itsukushima","en":"Itsukushima Shrine"}', 'itsukushima-shrine-18', '{"id":"Gerbang torii di atas air yang ikonik di Pulau Miyajima.","en":"An iconic floating torii gate on Miyajima Island."}', NULL, NULL, NULL, 'Miyajima, Hiroshima', 'Shrine Complex, Ferry Access, Photo Spot, Rest Area', 'Senin - Minggu', '06:30 - 17:30', NULL, 1, '2024-09-09 11:51:00', '2024-09-09 11:51:00'),
(19, '{"id":"Stasiun 5 Gunung Fuji","en":"Mount Fuji 5th Station"}', 'mount-fuji-5th-station-19', '{"id":"Titik awal pendakian populer dengan udara sejuk dan pemandangan danau.","en":"A popular hiking starting point with cool air and lake views."}', NULL, NULL, NULL, 'Fujiyoshida, Yamanashi', 'Hiking Start, Rest Area, Souvenir Shop, View Deck', 'Senin - Minggu', '08:00 - 18:00', NULL, 1, '2024-12-28 12:11:00', '2024-12-28 12:11:00'),
(20, '{"id":"Danau Kawaguchi","en":"Lake Kawaguchi"}', 'lake-kawaguchi-20', '{"id":"Danau tenang dengan latar Gunung Fuji, cocok untuk foto pagi.","en":"A tranquil lake with Mount Fuji views, perfect for morning photos."}', NULL, NULL, NULL, 'Fujikawaguchiko, Yamanashi', 'Lakeside Walk, Boat Ride, Photo Spot, Cafe', 'Senin - Minggu', '06:00 - 19:00', NULL, 1, '2024-11-30 13:51:00', '2024-11-30 13:51:00'),
(21, '{"id":"Taman Monyet Jigokudani","en":"Jigokudani Snow Monkey Park"}', 'jigokudani-snow-monkey-park-21', '{"id":"Habitat monyet salju yang berendam di onsen alami pada musim dingin.","en":"Home of snow monkeys soaking in natural hot springs in winter."}', NULL, NULL, NULL, 'Yamanouchi, Nagano', 'Walking Trail, Observation Area, Rest Area, Cafe', 'Senin - Minggu', '09:00 - 16:00', NULL, 1, '2024-08-25 13:13:00', '2024-08-25 13:13:00'),
(22, '{"id":"Taman Kenroku-en","en":"Kenroku-en Garden"}', 'kenroku-en-garden-22', '{"id":"Taman lanskap klasik dengan kolam, jembatan batu, dan musim yang berwarna.","en":"A classic landscape garden with ponds, stone bridges, and seasonal colors."}', NULL, NULL, NULL, 'Kanazawa, Ishikawa', 'Garden Walk, Tea House, Photo Spot, Rest Area', 'Senin - Minggu', '07:00 - 18:00', NULL, 1, '2024-09-09 15:45:00', '2024-09-09 15:45:00'),
(23, '{"id":"Desa Shirakawa-go","en":"Shirakawa-go Village"}', 'shirakawa-go-village-23', '{"id":"Desa tradisional dengan rumah atap gassho yang khas di lembah pegunungan.","en":"Traditional village with gassho-roof houses in a mountain valley."}', NULL, NULL, NULL, 'Ono District, Gifu', 'Cultural Village, Viewpoint, Museum, Rest Area', 'Senin - Minggu', '08:30 - 17:30', NULL, 1, '2024-08-24 17:39:00', '2024-08-24 17:39:00'),
(24, '{"id":"Kota Tua Takayama","en":"Takayama Old Town"}', 'takayama-old-town-24', '{"id":"Kawasan kota tua dengan toko kayu, sake brewery, dan pasar pagi.","en":"Old town area with wooden shops, sake breweries, and morning markets."}', NULL, NULL, NULL, 'Takayama, Gifu', 'Historical Walk, Market, Souvenir Shop, Cafe', 'Senin - Minggu', '08:00 - 18:00', NULL, 1, '2025-01-15 12:15:00', '2025-01-15 12:15:00'),
(25, '{"id":"Kanal Otaru","en":"Otaru Canal"}', 'otaru-canal-25', '{"id":"Kanal romantis dengan gudang bata dan kafe kecil di Hokkaido.","en":"A romantic canal lined with brick warehouses and small cafes in Hokkaido."}', NULL, NULL, NULL, 'Otaru, Hokkaido', 'Canal Walk, Cafe, Photo Spot, Boat Tour', 'Senin - Minggu', '08:00 - 22:00', NULL, 1, '2024-10-14 19:26:00', '2024-10-14 19:26:00'),
(26, '{"id":"Taman Odori Sapporo","en":"Sapporo Odori Park"}', 'sapporo-odori-park-26', '{"id":"Taman kota pusat festival musiman dengan area hijau yang luas.","en":"City park hosting seasonal festivals with wide green spaces."}', NULL, NULL, NULL, 'Chuo Ward, Sapporo', 'Festival Grounds, Picnic Area, Food Stalls, Rest Area', 'Senin - Minggu', '06:00 - 23:00', NULL, 1, '2024-12-04 20:54:00', '2024-12-04 20:54:00'),
(27, '{"id":"Panorama Malam Hakodate","en":"Hakodate Night View"}', 'hakodate-night-view-27', '{"id":"Pemandangan malam spektakuler dari Gunung Hakodate.","en":"Spectacular night view from Mount Hakodate."}', NULL, NULL, NULL, 'Hakodate, Hokkaido', 'Observation Deck, Ropeway, Photo Spot, Cafe', 'Senin - Minggu', '10:00 - 22:00', NULL, 1, '2024-10-17 18:31:00', '2024-10-17 18:31:00'),
(28, '{"id":"Pemandian Air Panas Beppu","en":"Beppu Hot Springs"}', 'beppu-hot-springs-28', '{"id":"Kawasan onsen dengan banyak sumber air panas dan spa tradisional.","en":"Onsen area with multiple hot springs and traditional spa experiences."}', NULL, NULL, NULL, 'Beppu, Oita', 'Onsen, Spa, Rest Area, Souvenir Shop', 'Senin - Minggu', '09:00 - 21:00', NULL, 1, '2024-10-27 17:51:00', '2024-10-27 17:51:00'),
(29, '{"id":"Akuarium Churaumi Okinawa","en":"Okinawa Churaumi Aquarium"}', 'okinawa-churaumi-aquarium-29', '{"id":"Akuarium besar dengan tangki hiu paus dan ekosistem laut tropis.","en":"Large aquarium featuring whale sharks and tropical marine ecosystems."}', NULL, NULL, NULL, 'Motobu, Okinawa', 'Aquarium, Cafe, Gift Shop, Kids Area', 'Senin - Minggu', '08:30 - 19:00', NULL, 1, '2024-09-10 12:43:00', '2024-09-10 12:43:00'),
(30, '{"id":"Pulau Seni Naoshima","en":"Naoshima Art Island"}', 'naoshima-art-island-30', '{"id":"Pulau kecil yang dipenuhi museum seni kontemporer dan instalasi luar ruang.","en":"Small island packed with contemporary museums and outdoor installations."}', NULL, NULL, NULL, 'Naoshima, Kagawa', 'Art Museum, Bike Rental, Cafe, Guided Tour', 'Senin - Minggu', '09:00 - 18:00', NULL, 1, '2024-08-19 07:45:00', '2024-08-19 07:45:00');

INSERT INTO `souvenirs` (`id`, `name`, `description`, `price`, `stock`, `image`, `created_at`, `updated_at`) VALUES
(1, '{"id":"Kue Matcha Kyoto","en":"Kyoto Matcha Cookies"}', '{"id":"Kue renyah dengan matcha halus, dipanggang dengan resep Kyoto untuk aroma hijau yang lembut.","en":"Crisp cookies with smooth matcha, baked in a Kyoto style for a soft green aroma."}', '73294.00', 36, NULL, '2024-12-12 08:28:00', '2024-12-12 08:28:00'),
(2, '{"id":"Kue Matcha Tokyo","en":"Tokyo Matcha Cookies"}', '{"id":"Kue renyah dengan matcha halus, dipanggang dengan resep Tokyo untuk aroma hijau yang lembut.","en":"Crisp cookies with smooth matcha, baked in a Tokyo style for a soft green aroma."}', '55369.00', 38, NULL, '2024-11-03 18:18:00', '2024-11-03 18:18:00'),
(3, '{"id":"Kue Matcha Osaka","en":"Osaka Matcha Cookies"}', '{"id":"Kue renyah dengan matcha halus, dipanggang dengan resep Osaka untuk aroma hijau yang lembut.","en":"Crisp cookies with smooth matcha, baked in a Osaka style for a soft green aroma."}', '64110.00', 39, NULL, '2025-01-11 14:31:00', '2025-01-11 14:31:00'),
(4, '{"id":"Kue Matcha Hokkaido","en":"Hokkaido Matcha Cookies"}', '{"id":"Kue renyah dengan matcha halus, dipanggang dengan resep Hokkaido untuk aroma hijau yang lembut.","en":"Crisp cookies with smooth matcha, baked in a Hokkaido style for a soft green aroma."}', '51234.00', 80, NULL, '2024-10-01 07:15:00', '2024-10-01 07:15:00'),
(5, '{"id":"Kue Matcha Fukuoka","en":"Fukuoka Matcha Cookies"}', '{"id":"Kue renyah dengan matcha halus, dipanggang dengan resep Fukuoka untuk aroma hijau yang lembut.","en":"Crisp cookies with smooth matcha, baked in a Fukuoka style for a soft green aroma."}', '98304.00', 50, NULL, '2024-11-24 12:48:00', '2024-11-24 12:48:00'),
(6, '{"id":"Mochi Kacang Merah Kyoto","en":"Kyoto Red Bean Mochi"}', '{"id":"Mochi lembut dengan isian kacang merah manis khas Kyoto.","en":"Soft mochi with sweet red bean filling inspired by Kyoto."}', '52473.00', 37, NULL, '2024-10-27 08:19:00', '2024-10-27 08:19:00'),
(7, '{"id":"Mochi Kacang Merah Tokyo","en":"Tokyo Red Bean Mochi"}', '{"id":"Mochi lembut dengan isian kacang merah manis khas Tokyo.","en":"Soft mochi with sweet red bean filling inspired by Tokyo."}', '71928.00', 22, NULL, '2024-12-17 20:01:00', '2024-12-17 20:01:00'),
(8, '{"id":"Mochi Kacang Merah Osaka","en":"Osaka Red Bean Mochi"}', '{"id":"Mochi lembut dengan isian kacang merah manis khas Osaka.","en":"Soft mochi with sweet red bean filling inspired by Osaka."}', '113422.00', 26, NULL, '2024-09-23 20:55:00', '2024-09-23 20:55:00'),
(9, '{"id":"Mochi Kacang Merah Hokkaido","en":"Hokkaido Red Bean Mochi"}', '{"id":"Mochi lembut dengan isian kacang merah manis khas Hokkaido.","en":"Soft mochi with sweet red bean filling inspired by Hokkaido."}', '93295.00', 19, NULL, '2025-01-03 09:03:00', '2025-01-03 09:03:00'),
(10, '{"id":"Mochi Kacang Merah Fukuoka","en":"Fukuoka Red Bean Mochi"}', '{"id":"Mochi lembut dengan isian kacang merah manis khas Fukuoka.","en":"Soft mochi with sweet red bean filling inspired by Fukuoka."}', '52990.00', 29, NULL, '2024-12-29 20:49:00', '2024-12-29 20:49:00'),
(11, '{"id":"Teh Sakura Kyoto","en":"Kyoto Sakura Tea"}', '{"id":"Teh bunga sakura dengan aroma lembut yang populer untuk oleh-oleh Kyoto.","en":"Sakura blossom tea with a gentle aroma, popular as a Kyoto souvenir."}', '133823.00', 69, NULL, '2024-09-19 16:04:00', '2024-09-19 16:04:00'),
(12, '{"id":"Teh Sakura Tokyo","en":"Tokyo Sakura Tea"}', '{"id":"Teh bunga sakura dengan aroma lembut yang populer untuk oleh-oleh Tokyo.","en":"Sakura blossom tea with a gentle aroma, popular as a Tokyo souvenir."}', '82812.00', 54, NULL, '2025-01-05 18:17:00', '2025-01-05 18:17:00'),
(13, '{"id":"Teh Sakura Osaka","en":"Osaka Sakura Tea"}', '{"id":"Teh bunga sakura dengan aroma lembut yang populer untuk oleh-oleh Osaka.","en":"Sakura blossom tea with a gentle aroma, popular as a Osaka souvenir."}', '145226.00', 37, NULL, '2024-09-20 20:29:00', '2024-09-20 20:29:00'),
(14, '{"id":"Teh Sakura Hokkaido","en":"Hokkaido Sakura Tea"}', '{"id":"Teh bunga sakura dengan aroma lembut yang populer untuk oleh-oleh Hokkaido.","en":"Sakura blossom tea with a gentle aroma, popular as a Hokkaido souvenir."}', '107509.00', 57, NULL, '2025-01-03 07:28:00', '2025-01-03 07:28:00'),
(15, '{"id":"Teh Sakura Fukuoka","en":"Fukuoka Sakura Tea"}', '{"id":"Teh bunga sakura dengan aroma lembut yang populer untuk oleh-oleh Fukuoka.","en":"Sakura blossom tea with a gentle aroma, popular as a Fukuoka souvenir."}', '84697.00', 56, NULL, '2024-10-18 17:10:00', '2024-10-18 17:10:00'),
(16, '{"id":"Cokelat Nama Kyoto","en":"Kyoto Nama Chocolate"}', '{"id":"Cokelat lembut yang meleleh, dibuat dengan gaya patisserie Kyoto.","en":"Smooth, melt-in-your-mouth chocolate crafted in a Kyoto patisserie style."}', '163538.00', 49, NULL, '2024-10-03 10:36:00', '2024-10-03 10:36:00'),
(17, '{"id":"Cokelat Nama Tokyo","en":"Tokyo Nama Chocolate"}', '{"id":"Cokelat lembut yang meleleh, dibuat dengan gaya patisserie Tokyo.","en":"Smooth, melt-in-your-mouth chocolate crafted in a Tokyo patisserie style."}', '109450.00', 18, NULL, '2024-11-26 19:10:00', '2024-11-26 19:10:00'),
(18, '{"id":"Cokelat Nama Osaka","en":"Osaka Nama Chocolate"}', '{"id":"Cokelat lembut yang meleleh, dibuat dengan gaya patisserie Osaka.","en":"Smooth, melt-in-your-mouth chocolate crafted in a Osaka patisserie style."}', '151535.00', 14, NULL, '2024-09-30 17:56:00', '2024-09-30 17:56:00'),
(19, '{"id":"Cokelat Nama Hokkaido","en":"Hokkaido Nama Chocolate"}', '{"id":"Cokelat lembut yang meleleh, dibuat dengan gaya patisserie Hokkaido.","en":"Smooth, melt-in-your-mouth chocolate crafted in a Hokkaido patisserie style."}', '95569.00', 35, NULL, '2024-11-22 09:13:00', '2024-11-22 09:13:00'),
(20, '{"id":"Cokelat Nama Fukuoka","en":"Fukuoka Nama Chocolate"}', '{"id":"Cokelat lembut yang meleleh, dibuat dengan gaya patisserie Fukuoka.","en":"Smooth, melt-in-your-mouth chocolate crafted in a Fukuoka patisserie style."}', '91782.00', 34, NULL, '2024-12-12 08:40:00', '2024-12-12 08:40:00'),
(21, '{"id":"Keripik Rumput Laut Kyoto","en":"Kyoto Seaweed Chips"}', '{"id":"Keripik rumput laut gurih dengan bumbu laut dari Kyoto.","en":"Savory seaweed chips seasoned with coastal flavors from Kyoto."}', '65073.00', 65, NULL, '2024-12-02 11:48:00', '2024-12-02 11:48:00'),
(22, '{"id":"Keripik Rumput Laut Tokyo","en":"Tokyo Seaweed Chips"}', '{"id":"Keripik rumput laut gurih dengan bumbu laut dari Tokyo.","en":"Savory seaweed chips seasoned with coastal flavors from Tokyo."}', '76720.00', 43, NULL, '2024-09-25 19:19:00', '2024-09-25 19:19:00'),
(23, '{"id":"Keripik Rumput Laut Osaka","en":"Osaka Seaweed Chips"}', '{"id":"Keripik rumput laut gurih dengan bumbu laut dari Osaka.","en":"Savory seaweed chips seasoned with coastal flavors from Osaka."}', '55829.00', 41, NULL, '2025-01-25 08:15:00', '2025-01-25 08:15:00'),
(24, '{"id":"Keripik Rumput Laut Hokkaido","en":"Hokkaido Seaweed Chips"}', '{"id":"Keripik rumput laut gurih dengan bumbu laut dari Hokkaido.","en":"Savory seaweed chips seasoned with coastal flavors from Hokkaido."}', '44652.00', 81, NULL, '2024-09-29 19:28:00', '2024-09-29 19:28:00'),
(25, '{"id":"Keripik Rumput Laut Fukuoka","en":"Fukuoka Seaweed Chips"}', '{"id":"Keripik rumput laut gurih dengan bumbu laut dari Fukuoka.","en":"Savory seaweed chips seasoned with coastal flavors from Fukuoka."}', '86179.00', 68, NULL, '2024-12-20 18:41:00', '2024-12-20 18:41:00'),
(26, '{"id":"Biskuit Mentega Kyoto","en":"Kyoto Butter Biscuits"}', '{"id":"Biskuit mentega yang renyah dengan sentuhan rasa khas Kyoto.","en":"Crisp butter biscuits with a signature Kyoto twist."}', '61642.00', 29, NULL, '2024-12-05 18:51:00', '2024-12-05 18:51:00'),
(27, '{"id":"Biskuit Mentega Tokyo","en":"Tokyo Butter Biscuits"}', '{"id":"Biskuit mentega yang renyah dengan sentuhan rasa khas Tokyo.","en":"Crisp butter biscuits with a signature Tokyo twist."}', '49463.00', 67, NULL, '2024-12-02 17:17:00', '2024-12-02 17:17:00'),
(28, '{"id":"Biskuit Mentega Osaka","en":"Osaka Butter Biscuits"}', '{"id":"Biskuit mentega yang renyah dengan sentuhan rasa khas Osaka.","en":"Crisp butter biscuits with a signature Osaka twist."}', '55025.00', 32, NULL, '2024-10-02 15:10:00', '2024-10-02 15:10:00'),
(29, '{"id":"Biskuit Mentega Hokkaido","en":"Hokkaido Butter Biscuits"}', '{"id":"Biskuit mentega yang renyah dengan sentuhan rasa khas Hokkaido.","en":"Crisp butter biscuits with a signature Hokkaido twist."}', '92630.00', 58, NULL, '2024-10-24 13:11:00', '2024-10-24 13:11:00'),
(30, '{"id":"Biskuit Mentega Fukuoka","en":"Fukuoka Butter Biscuits"}', '{"id":"Biskuit mentega yang renyah dengan sentuhan rasa khas Fukuoka.","en":"Crisp butter biscuits with a signature Fukuoka twist."}', '57879.00', 26, NULL, '2024-10-03 18:57:00', '2024-10-03 18:57:00'),
(31, '{"id":"Selai Yuzu Kyoto","en":"Kyoto Yuzu Spread"}', '{"id":"Selai yuzu segar yang cocok untuk roti dan dessert ala Kyoto.","en":"Bright yuzu spread for bread and desserts in a Kyoto style."}', '96573.00', 53, NULL, '2025-01-13 11:12:00', '2025-01-13 11:12:00'),
(32, '{"id":"Selai Yuzu Tokyo","en":"Tokyo Yuzu Spread"}', '{"id":"Selai yuzu segar yang cocok untuk roti dan dessert ala Tokyo.","en":"Bright yuzu spread for bread and desserts in a Tokyo style."}', '123210.00', 36, NULL, '2024-12-31 12:10:00', '2024-12-31 12:10:00'),
(33, '{"id":"Selai Yuzu Osaka","en":"Osaka Yuzu Spread"}', '{"id":"Selai yuzu segar yang cocok untuk roti dan dessert ala Osaka.","en":"Bright yuzu spread for bread and desserts in a Osaka style."}', '117506.00', 19, NULL, '2025-01-03 16:16:00', '2025-01-03 16:16:00'),
(34, '{"id":"Selai Yuzu Hokkaido","en":"Hokkaido Yuzu Spread"}', '{"id":"Selai yuzu segar yang cocok untuk roti dan dessert ala Hokkaido.","en":"Bright yuzu spread for bread and desserts in a Hokkaido style."}', '133065.00', 36, NULL, '2024-11-09 11:18:00', '2024-11-09 11:18:00'),
(35, '{"id":"Selai Yuzu Fukuoka","en":"Fukuoka Yuzu Spread"}', '{"id":"Selai yuzu segar yang cocok untuk roti dan dessert ala Fukuoka.","en":"Bright yuzu spread for bread and desserts in a Fukuoka style."}', '78884.00', 41, NULL, '2024-12-02 08:39:00', '2024-12-02 08:39:00'),
(36, '{"id":"Bumbu Ramen Shoyu Kyoto","en":"Kyoto Shoyu Ramen Seasoning"}', '{"id":"Bumbu ramen shoyu siap masak dengan rasa kedelai khas Kyoto.","en":"Ready-to-cook shoyu ramen seasoning with Kyoto soy flavor."}', '92246.00', 37, NULL, '2024-10-25 21:17:00', '2024-10-25 21:17:00'),
(37, '{"id":"Bumbu Ramen Shoyu Tokyo","en":"Tokyo Shoyu Ramen Seasoning"}', '{"id":"Bumbu ramen shoyu siap masak dengan rasa kedelai khas Tokyo.","en":"Ready-to-cook shoyu ramen seasoning with Tokyo soy flavor."}', '101041.00', 27, NULL, '2024-12-28 14:18:00', '2024-12-28 14:18:00'),
(38, '{"id":"Bumbu Ramen Shoyu Osaka","en":"Osaka Shoyu Ramen Seasoning"}', '{"id":"Bumbu ramen shoyu siap masak dengan rasa kedelai khas Osaka.","en":"Ready-to-cook shoyu ramen seasoning with Osaka soy flavor."}', '85586.00', 26, NULL, '2024-10-23 12:50:00', '2024-10-23 12:50:00'),
(39, '{"id":"Bumbu Ramen Shoyu Hokkaido","en":"Hokkaido Shoyu Ramen Seasoning"}', '{"id":"Bumbu ramen shoyu siap masak dengan rasa kedelai khas Hokkaido.","en":"Ready-to-cook shoyu ramen seasoning with Hokkaido soy flavor."}', '116446.00', 49, NULL, '2024-11-18 16:37:00', '2024-11-18 16:37:00'),
(40, '{"id":"Bumbu Ramen Shoyu Fukuoka","en":"Fukuoka Shoyu Ramen Seasoning"}', '{"id":"Bumbu ramen shoyu siap masak dengan rasa kedelai khas Fukuoka.","en":"Ready-to-cook shoyu ramen seasoning with Fukuoka soy flavor."}', '68198.00', 35, NULL, '2024-11-19 08:21:00', '2024-11-19 08:21:00'),
(41, '{"id":"Granola Ume Kyoto","en":"Kyoto Ume Granola"}', '{"id":"Granola dengan sentuhan ume asam manis favorit traveler Kyoto.","en":"Granola with sweet-sour ume notes loved by Kyoto travelers."}', '84708.00', 64, NULL, '2024-09-19 07:23:00', '2024-09-19 07:23:00'),
(42, '{"id":"Granola Ume Tokyo","en":"Tokyo Ume Granola"}', '{"id":"Granola dengan sentuhan ume asam manis favorit traveler Tokyo.","en":"Granola with sweet-sour ume notes loved by Tokyo travelers."}', '51462.00', 62, NULL, '2024-12-03 10:42:00', '2024-12-03 10:42:00'),
(43, '{"id":"Granola Ume Osaka","en":"Osaka Ume Granola"}', '{"id":"Granola dengan sentuhan ume asam manis favorit traveler Osaka.","en":"Granola with sweet-sour ume notes loved by Osaka travelers."}', '109775.00', 31, NULL, '2025-01-06 19:48:00', '2025-01-06 19:48:00'),
(44, '{"id":"Granola Ume Hokkaido","en":"Hokkaido Ume Granola"}', '{"id":"Granola dengan sentuhan ume asam manis favorit traveler Hokkaido.","en":"Granola with sweet-sour ume notes loved by Hokkaido travelers."}', '88066.00', 22, NULL, '2024-12-29 13:06:00', '2024-12-29 13:06:00'),
(45, '{"id":"Granola Ume Fukuoka","en":"Fukuoka Ume Granola"}', '{"id":"Granola dengan sentuhan ume asam manis favorit traveler Fukuoka.","en":"Granola with sweet-sour ume notes loved by Fukuoka travelers."}', '84124.00', 44, NULL, '2025-01-03 21:41:00', '2025-01-03 21:41:00'),
(46, '{"id":"Tenugui Motif Kyoto","en":"Kyoto Patterned Tenugui"}', '{"id":"Kain tenugui motif tradisional dengan palet warna khas Kyoto.","en":"Traditional tenugui cloth with Kyoto-inspired color palettes."}', '100720.00', 26, NULL, '2024-10-23 09:23:00', '2024-10-23 09:23:00'),
(47, '{"id":"Tenugui Motif Tokyo","en":"Tokyo Patterned Tenugui"}', '{"id":"Kain tenugui motif tradisional dengan palet warna khas Tokyo.","en":"Traditional tenugui cloth with Tokyo-inspired color palettes."}', '115260.00', 13, NULL, '2024-10-28 20:20:00', '2024-10-28 20:20:00'),
(48, '{"id":"Tenugui Motif Osaka","en":"Osaka Patterned Tenugui"}', '{"id":"Kain tenugui motif tradisional dengan palet warna khas Osaka.","en":"Traditional tenugui cloth with Osaka-inspired color palettes."}', '87130.00', 25, NULL, '2024-11-01 12:36:00', '2024-11-01 12:36:00'),
(49, '{"id":"Tenugui Motif Hokkaido","en":"Hokkaido Patterned Tenugui"}', '{"id":"Kain tenugui motif tradisional dengan palet warna khas Hokkaido.","en":"Traditional tenugui cloth with Hokkaido-inspired color palettes."}', '96982.00', 41, NULL, '2024-12-03 19:35:00', '2024-12-03 19:35:00'),
(50, '{"id":"Tenugui Motif Fukuoka","en":"Fukuoka Patterned Tenugui"}', '{"id":"Kain tenugui motif tradisional dengan palet warna khas Fukuoka.","en":"Traditional tenugui cloth with Fukuoka-inspired color palettes."}', '97394.00', 23, NULL, '2024-11-07 11:44:00', '2024-11-07 11:44:00'),
(51, '{"id":"Kipas Lipat Sensu Kyoto","en":"Kyoto Sensu Folding Fan"}', '{"id":"Kipas lipat ringan dengan motif elegan dari studio Kyoto.","en":"Light folding fan with elegant motifs from a Kyoto studio."}', '149795.00', 27, NULL, '2024-09-20 09:44:00', '2024-09-20 09:44:00'),
(52, '{"id":"Kipas Lipat Sensu Tokyo","en":"Tokyo Sensu Folding Fan"}', '{"id":"Kipas lipat ringan dengan motif elegan dari studio Tokyo.","en":"Light folding fan with elegant motifs from a Tokyo studio."}', '149377.00', 26, NULL, '2024-12-02 12:59:00', '2024-12-02 12:59:00'),
(53, '{"id":"Kipas Lipat Sensu Osaka","en":"Osaka Sensu Folding Fan"}', '{"id":"Kipas lipat ringan dengan motif elegan dari studio Osaka.","en":"Light folding fan with elegant motifs from a Osaka studio."}', '145874.00', 39, NULL, '2024-12-20 19:53:00', '2024-12-20 19:53:00'),
(54, '{"id":"Kipas Lipat Sensu Hokkaido","en":"Hokkaido Sensu Folding Fan"}', '{"id":"Kipas lipat ringan dengan motif elegan dari studio Hokkaido.","en":"Light folding fan with elegant motifs from a Hokkaido studio."}', '168335.00', 27, NULL, '2024-10-02 13:43:00', '2024-10-02 13:43:00'),
(55, '{"id":"Kipas Lipat Sensu Fukuoka","en":"Fukuoka Sensu Folding Fan"}', '{"id":"Kipas lipat ringan dengan motif elegan dari studio Fukuoka.","en":"Light folding fan with elegant motifs from a Fukuoka studio."}', '107473.00', 18, NULL, '2025-01-23 07:55:00', '2025-01-23 07:55:00'),
(56, '{"id":"Dompet Koin Gamaguchi Kyoto","en":"Kyoto Gamaguchi Coin Purse"}', '{"id":"Dompet koin dengan kunci khas gamaguchi, populer di toko Kyoto.","en":"Coin purse with a gamaguchi clasp, popular in Kyoto boutiques."}', '74375.00', 25, NULL, '2024-09-28 09:52:00', '2024-09-28 09:52:00'),
(57, '{"id":"Dompet Koin Gamaguchi Tokyo","en":"Tokyo Gamaguchi Coin Purse"}', '{"id":"Dompet koin dengan kunci khas gamaguchi, populer di toko Tokyo.","en":"Coin purse with a gamaguchi clasp, popular in Tokyo boutiques."}', '78783.00', 31, NULL, '2024-10-14 16:51:00', '2024-10-14 16:51:00'),
(58, '{"id":"Dompet Koin Gamaguchi Osaka","en":"Osaka Gamaguchi Coin Purse"}', '{"id":"Dompet koin dengan kunci khas gamaguchi, populer di toko Osaka.","en":"Coin purse with a gamaguchi clasp, popular in Osaka boutiques."}', '79258.00', 46, NULL, '2024-10-23 20:48:00', '2024-10-23 20:48:00'),
(59, '{"id":"Dompet Koin Gamaguchi Hokkaido","en":"Hokkaido Gamaguchi Coin Purse"}', '{"id":"Dompet koin dengan kunci khas gamaguchi, populer di toko Hokkaido.","en":"Coin purse with a gamaguchi clasp, popular in Hokkaido boutiques."}', '81395.00', 42, NULL, '2024-12-07 11:20:00', '2024-12-07 11:20:00'),
(60, '{"id":"Dompet Koin Gamaguchi Fukuoka","en":"Fukuoka Gamaguchi Coin Purse"}', '{"id":"Dompet koin dengan kunci khas gamaguchi, populer di toko Fukuoka.","en":"Coin purse with a gamaguchi clasp, popular in Fukuoka boutiques."}', '70376.00', 49, NULL, '2024-10-04 07:30:00', '2024-10-04 07:30:00'),
(61, '{"id":"Catatan Washi Kyoto","en":"Kyoto Washi Notebook"}', '{"id":"Buku catatan kertas washi yang halus, dibuat di workshop Kyoto.","en":"Smooth washi paper notebook crafted in a Kyoto workshop."}', '92996.00', 23, NULL, '2025-01-22 19:04:00', '2025-01-22 19:04:00'),
(62, '{"id":"Catatan Washi Tokyo","en":"Tokyo Washi Notebook"}', '{"id":"Buku catatan kertas washi yang halus, dibuat di workshop Tokyo.","en":"Smooth washi paper notebook crafted in a Tokyo workshop."}', '57697.00', 56, NULL, '2024-12-31 09:58:00', '2024-12-31 09:58:00'),
(63, '{"id":"Catatan Washi Osaka","en":"Osaka Washi Notebook"}', '{"id":"Buku catatan kertas washi yang halus, dibuat di workshop Osaka.","en":"Smooth washi paper notebook crafted in a Osaka workshop."}', '67035.00', 42, NULL, '2025-01-17 17:43:00', '2025-01-17 17:43:00'),
(64, '{"id":"Catatan Washi Hokkaido","en":"Hokkaido Washi Notebook"}', '{"id":"Buku catatan kertas washi yang halus, dibuat di workshop Hokkaido.","en":"Smooth washi paper notebook crafted in a Hokkaido workshop."}', '54316.00', 41, NULL, '2024-12-24 15:39:00', '2024-12-24 15:39:00'),
(65, '{"id":"Catatan Washi Fukuoka","en":"Fukuoka Washi Notebook"}', '{"id":"Buku catatan kertas washi yang halus, dibuat di workshop Fukuoka.","en":"Smooth washi paper notebook crafted in a Fukuoka workshop."}', '107066.00', 25, NULL, '2024-11-24 15:57:00', '2024-11-24 15:57:00'),
(66, '{"id":"Set Pulpen Gel Kyoto","en":"Kyoto Gel Pen Set"}', '{"id":"Set pulpen gel dengan tinta stabil, favorit pelajar Kyoto.","en":"Gel pen set with consistent ink flow, a Kyoto student favorite."}', '55433.00', 60, NULL, '2024-12-24 14:01:00', '2024-12-24 14:01:00'),
(67, '{"id":"Set Pulpen Gel Tokyo","en":"Tokyo Gel Pen Set"}', '{"id":"Set pulpen gel dengan tinta stabil, favorit pelajar Tokyo.","en":"Gel pen set with consistent ink flow, a Tokyo student favorite."}', '69637.00', 26, NULL, '2024-10-03 15:25:00', '2024-10-03 15:25:00'),
(68, '{"id":"Set Pulpen Gel Osaka","en":"Osaka Gel Pen Set"}', '{"id":"Set pulpen gel dengan tinta stabil, favorit pelajar Osaka.","en":"Gel pen set with consistent ink flow, a Osaka student favorite."}', '66660.00', 55, NULL, '2024-12-19 12:59:00', '2024-12-19 12:59:00'),
(69, '{"id":"Set Pulpen Gel Hokkaido","en":"Hokkaido Gel Pen Set"}', '{"id":"Set pulpen gel dengan tinta stabil, favorit pelajar Hokkaido.","en":"Gel pen set with consistent ink flow, a Hokkaido student favorite."}', '56158.00', 51, NULL, '2024-10-01 20:48:00', '2024-10-01 20:48:00'),
(70, '{"id":"Set Pulpen Gel Fukuoka","en":"Fukuoka Gel Pen Set"}', '{"id":"Set pulpen gel dengan tinta stabil, favorit pelajar Fukuoka.","en":"Gel pen set with consistent ink flow, a Fukuoka student favorite."}', '66364.00', 56, NULL, '2024-09-24 13:16:00', '2024-09-24 13:16:00'),
(71, '{"id":"Aromaterapi Hinoki Kyoto","en":"Kyoto Hinoki Aroma Sachet"}', '{"id":"Aroma hinoki menenangkan untuk kamar dan koper perjalanan Kyoto.","en":"Calming hinoki aroma for rooms and travel bags inspired by Kyoto."}', '116308.00', 42, NULL, '2024-10-01 14:14:00', '2024-10-01 14:14:00'),
(72, '{"id":"Aromaterapi Hinoki Tokyo","en":"Tokyo Hinoki Aroma Sachet"}', '{"id":"Aroma hinoki menenangkan untuk kamar dan koper perjalanan Tokyo.","en":"Calming hinoki aroma for rooms and travel bags inspired by Tokyo."}', '60441.00', 37, NULL, '2025-01-04 19:33:00', '2025-01-04 19:33:00'),
(73, '{"id":"Aromaterapi Hinoki Osaka","en":"Osaka Hinoki Aroma Sachet"}', '{"id":"Aroma hinoki menenangkan untuk kamar dan koper perjalanan Osaka.","en":"Calming hinoki aroma for rooms and travel bags inspired by Osaka."}', '112783.00', 38, NULL, '2024-12-14 19:43:00', '2024-12-14 19:43:00'),
(74, '{"id":"Aromaterapi Hinoki Hokkaido","en":"Hokkaido Hinoki Aroma Sachet"}', '{"id":"Aroma hinoki menenangkan untuk kamar dan koper perjalanan Hokkaido.","en":"Calming hinoki aroma for rooms and travel bags inspired by Hokkaido."}', '91889.00', 27, NULL, '2024-10-10 09:04:00', '2024-10-10 09:04:00'),
(75, '{"id":"Aromaterapi Hinoki Fukuoka","en":"Fukuoka Hinoki Aroma Sachet"}', '{"id":"Aroma hinoki menenangkan untuk kamar dan koper perjalanan Fukuoka.","en":"Calming hinoki aroma for rooms and travel bags inspired by Fukuoka."}', '62669.00', 20, NULL, '2024-12-05 08:06:00', '2024-12-05 08:06:00'),
(76, '{"id":"Mug Keramik Kyoto","en":"Kyoto Ceramic Mug"}', '{"id":"Mug keramik dengan glaze hangat yang dibuat di studio Kyoto.","en":"Ceramic mug with warm glaze crafted in a Kyoto studio."}', '166972.00', 32, NULL, '2024-10-15 12:54:00', '2024-10-15 12:54:00'),
(77, '{"id":"Mug Keramik Tokyo","en":"Tokyo Ceramic Mug"}', '{"id":"Mug keramik dengan glaze hangat yang dibuat di studio Tokyo.","en":"Ceramic mug with warm glaze crafted in a Tokyo studio."}', '168616.00', 17, NULL, '2024-11-03 16:30:00', '2024-11-03 16:30:00'),
(78, '{"id":"Mug Keramik Osaka","en":"Osaka Ceramic Mug"}', '{"id":"Mug keramik dengan glaze hangat yang dibuat di studio Osaka.","en":"Ceramic mug with warm glaze crafted in a Osaka studio."}', '163787.00', 12, NULL, '2024-10-13 14:31:00', '2024-10-13 14:31:00'),
(79, '{"id":"Mug Keramik Hokkaido","en":"Hokkaido Ceramic Mug"}', '{"id":"Mug keramik dengan glaze hangat yang dibuat di studio Hokkaido.","en":"Ceramic mug with warm glaze crafted in a Hokkaido studio."}', '178909.00', 39, NULL, '2024-12-18 18:48:00', '2024-12-18 18:48:00'),
(80, '{"id":"Mug Keramik Fukuoka","en":"Fukuoka Ceramic Mug"}', '{"id":"Mug keramik dengan glaze hangat yang dibuat di studio Fukuoka.","en":"Ceramic mug with warm glaze crafted in a Fukuoka studio."}', '162449.00', 25, NULL, '2024-12-09 15:31:00', '2024-12-09 15:31:00');

INSERT INTO `place_reviews` (`id`, `place_id`, `user_id`, `rating`, `comment`, `created_at`, `updated_at`) VALUES
(1, 1, 2, 4, 'Staff ramah dan informasi di lokasi jelas.', '2024-11-10 13:17:00', '2024-11-10 13:17:00'),
(2, 1, 5, 5, 'Tempatnya bersih dan nyaman, fotonya bagus sekali.', '2024-12-16 11:07:00', '2024-12-16 11:07:00'),
(3, 1, 7, 4, 'Akses transportasi mudah dan fasilitasnya lengkap.', '2025-02-10 19:18:00', '2025-02-10 19:18:00'),
(4, 2, 7, 4, 'Staff ramah dan informasi di lokasi jelas.', '2024-11-17 19:56:00', '2024-11-17 19:56:00'),
(5, 2, 5, 4, 'Ramai tapi teratur, suasananya tetap enak dinikmati.', '2024-11-06 10:48:00', '2024-11-06 10:48:00'),
(6, 2, 2, 3, 'Antriannya panjang, tapi worth it untuk dilihat.', '2025-01-25 20:04:00', '2025-01-25 20:04:00'),
(7, 3, 7, 4, 'Staff ramah dan informasi di lokasi jelas.', '2025-01-04 08:19:00', '2025-01-04 08:19:00'),
(8, 3, 3, 4, 'Ramai tapi teratur, suasananya tetap enak dinikmati.', '2024-11-22 15:15:00', '2024-11-22 15:15:00'),
(9, 4, 4, 5, 'Tempatnya bersih dan nyaman, fotonya bagus sekali.', '2025-02-05 15:53:00', '2025-02-05 15:53:00'),
(10, 4, 6, 5, 'Wajib masuk itinerary, vibes Jepang klasiknya terasa.', '2024-11-23 07:49:00', '2024-11-23 07:49:00'),
(11, 4, 7, 5, 'Wajib masuk itinerary, vibes Jepang klasiknya terasa.', '2024-12-04 13:15:00', '2024-12-04 13:15:00'),
(12, 5, 7, 4, 'Staff ramah dan informasi di lokasi jelas.', '2025-01-14 17:59:00', '2025-01-14 17:59:00'),
(13, 5, 5, 4, 'Area cukup luas, cocok untuk jalan santai seharian.', '2025-02-06 21:37:00', '2025-02-06 21:37:00'),
(14, 5, 6, 4, 'Staff ramah dan informasi di lokasi jelas.', '2024-11-02 10:51:00', '2024-11-02 10:51:00'),
(15, 5, 3, 5, 'Spot foto favorit, view-nya luar biasa terutama saat senja.', '2025-02-02 13:46:00', '2025-02-02 13:46:00'),
(16, 6, 2, 3, 'Antriannya panjang, tapi worth it untuk dilihat.', '2025-02-04 11:25:00', '2025-02-04 11:25:00'),
(17, 6, 6, 4, 'Area cukup luas, cocok untuk jalan santai seharian.', '2024-11-30 13:38:00', '2024-11-30 13:38:00'),
(18, 6, 5, 4, 'Area cukup luas, cocok untuk jalan santai seharian.', '2024-11-12 12:13:00', '2024-11-12 12:13:00'),
(19, 6, 2, 5, 'Tempatnya bersih dan nyaman, fotonya bagus sekali.', '2024-11-12 14:55:00', '2024-11-12 14:55:00'),
(20, 6, 7, 4, 'Akses transportasi mudah dan fasilitasnya lengkap.', '2024-10-21 13:31:00', '2024-10-21 13:31:00'),
(21, 7, 4, 5, 'Spot foto favorit, view-nya luar biasa terutama saat senja.', '2024-11-29 19:21:00', '2024-11-29 19:21:00'),
(22, 7, 6, 5, 'Spot foto favorit, view-nya luar biasa terutama saat senja.', '2024-11-30 18:59:00', '2024-11-30 18:59:00'),
(23, 7, 4, 3, 'Bagus, tapi perlu datang lebih pagi agar lebih tenang.', '2024-11-13 21:01:00', '2024-11-13 21:01:00'),
(24, 7, 3, 3, 'Bagus, tapi perlu datang lebih pagi agar lebih tenang.', '2024-11-01 07:09:00', '2024-11-01 07:09:00'),
(25, 7, 2, 5, 'Wajib masuk itinerary, vibes Jepang klasiknya terasa.', '2024-10-28 16:03:00', '2024-10-28 16:03:00'),
(26, 8, 3, 4, 'Ramai tapi teratur, suasananya tetap enak dinikmati.', '2025-01-07 09:48:00', '2025-01-07 09:48:00'),
(27, 8, 2, 5, 'Pengalaman terbaik selama trip, bakal kembali lagi.', '2025-01-07 16:54:00', '2025-01-07 16:54:00'),
(28, 9, 2, 4, 'Area cukup luas, cocok untuk jalan santai seharian.', '2025-02-02 19:44:00', '2025-02-02 19:44:00'),
(29, 9, 5, 4, 'Area cukup luas, cocok untuk jalan santai seharian.', '2025-02-14 10:06:00', '2025-02-14 10:06:00'),
(30, 10, 7, 4, 'Ramai tapi teratur, suasananya tetap enak dinikmati.', '2024-12-08 12:46:00', '2024-12-08 12:46:00'),
(31, 10, 5, 5, 'Wajib masuk itinerary, vibes Jepang klasiknya terasa.', '2024-11-22 15:03:00', '2024-11-22 15:03:00'),
(32, 10, 2, 4, 'Area cukup luas, cocok untuk jalan santai seharian.', '2025-01-23 08:27:00', '2025-01-23 08:27:00'),
(33, 10, 7, 5, 'Tempatnya bersih dan nyaman, fotonya bagus sekali.', '2024-12-11 09:32:00', '2024-12-11 09:32:00'),
(34, 10, 7, 4, 'Area cukup luas, cocok untuk jalan santai seharian.', '2024-10-25 14:10:00', '2024-10-25 14:10:00'),
(35, 11, 7, 4, 'Ramai tapi teratur, suasananya tetap enak dinikmati.', '2024-11-07 14:29:00', '2024-11-07 14:29:00'),
(36, 11, 2, 5, 'Tempatnya bersih dan nyaman, fotonya bagus sekali.', '2025-01-10 14:16:00', '2025-01-10 14:16:00'),
(37, 11, 5, 5, 'Pengalaman terbaik selama trip, bakal kembali lagi.', '2024-11-26 20:54:00', '2024-11-26 20:54:00'),
(38, 11, 3, 4, 'Ramai tapi teratur, suasananya tetap enak dinikmati.', '2025-01-22 21:17:00', '2025-01-22 21:17:00'),
(39, 11, 5, 4, 'Akses transportasi mudah dan fasilitasnya lengkap.', '2025-02-10 19:12:00', '2025-02-10 19:12:00'),
(40, 12, 7, 5, 'Wajib masuk itinerary, vibes Jepang klasiknya terasa.', '2024-10-29 20:00:00', '2024-10-29 20:00:00'),
(41, 12, 6, 5, 'Wajib masuk itinerary, vibes Jepang klasiknya terasa.', '2025-01-20 10:13:00', '2025-01-20 10:13:00'),
(42, 12, 2, 5, 'Spot foto favorit, view-nya luar biasa terutama saat senja.', '2024-11-18 09:52:00', '2024-11-18 09:52:00'),
(43, 12, 4, 5, 'Tempatnya bersih dan nyaman, fotonya bagus sekali.', '2024-11-14 10:50:00', '2024-11-14 10:50:00'),
(44, 12, 2, 3, 'Antriannya panjang, tapi worth it untuk dilihat.', '2025-01-22 13:16:00', '2025-01-22 13:16:00'),
(45, 13, 7, 5, 'Wajib masuk itinerary, vibes Jepang klasiknya terasa.', '2024-12-30 14:22:00', '2024-12-30 14:22:00'),
(46, 13, 2, 4, 'Staff ramah dan informasi di lokasi jelas.', '2024-12-30 12:46:00', '2024-12-30 12:46:00'),
(47, 13, 4, 5, 'Wajib masuk itinerary, vibes Jepang klasiknya terasa.', '2024-12-22 15:04:00', '2024-12-22 15:04:00'),
(48, 13, 7, 5, 'Spot foto favorit, view-nya luar biasa terutama saat senja.', '2024-10-30 16:50:00', '2024-10-30 16:50:00'),
(49, 13, 7, 3, 'Antriannya panjang, tapi worth it untuk dilihat.', '2025-01-20 10:30:00', '2025-01-20 10:30:00'),
(50, 14, 3, 5, 'Spot foto favorit, view-nya luar biasa terutama saat senja.', '2025-01-31 09:06:00', '2025-01-31 09:06:00'),
(51, 14, 5, 5, 'Wajib masuk itinerary, vibes Jepang klasiknya terasa.', '2024-12-03 15:16:00', '2024-12-03 15:16:00'),
(52, 15, 6, 3, 'Bagus, tapi perlu datang lebih pagi agar lebih tenang.', '2025-02-06 20:03:00', '2025-02-06 20:03:00'),
(53, 15, 4, 4, 'Ramai tapi teratur, suasananya tetap enak dinikmati.', '2024-11-10 15:19:00', '2024-11-10 15:19:00'),
(54, 15, 3, 5, 'Pengalaman terbaik selama trip, bakal kembali lagi.', '2024-10-26 17:58:00', '2024-10-26 17:58:00'),
(55, 15, 2, 4, 'Area cukup luas, cocok untuk jalan santai seharian.', '2024-10-25 11:21:00', '2024-10-25 11:21:00'),
(56, 15, 7, 3, 'Antriannya panjang, tapi worth it untuk dilihat.', '2024-10-19 14:06:00', '2024-10-19 14:06:00'),
(57, 16, 4, 5, 'Spot foto favorit, view-nya luar biasa terutama saat senja.', '2024-11-22 13:45:00', '2024-11-22 13:45:00'),
(58, 16, 3, 3, 'Bagus, tapi perlu datang lebih pagi agar lebih tenang.', '2024-12-28 14:23:00', '2024-12-28 14:23:00'),
(59, 16, 4, 3, 'Antriannya panjang, tapi worth it untuk dilihat.', '2024-10-30 12:23:00', '2024-10-30 12:23:00'),
(60, 16, 5, 3, 'Bagus, tapi perlu datang lebih pagi agar lebih tenang.', '2024-10-20 14:02:00', '2024-10-20 14:02:00'),
(61, 17, 4, 3, 'Antriannya panjang, tapi worth it untuk dilihat.', '2025-01-20 14:14:00', '2025-01-20 14:14:00'),
(62, 17, 5, 5, 'Spot foto favorit, view-nya luar biasa terutama saat senja.', '2024-10-18 16:29:00', '2024-10-18 16:29:00'),
(63, 17, 3, 3, 'Bagus, tapi perlu datang lebih pagi agar lebih tenang.', '2024-10-26 18:50:00', '2024-10-26 18:50:00'),
(64, 17, 6, 5, 'Tempatnya bersih dan nyaman, fotonya bagus sekali.', '2024-12-27 11:34:00', '2024-12-27 11:34:00'),
(65, 18, 5, 4, 'Staff ramah dan informasi di lokasi jelas.', '2024-12-31 17:25:00', '2024-12-31 17:25:00'),
(66, 18, 2, 5, 'Spot foto favorit, view-nya luar biasa terutama saat senja.', '2025-02-02 08:39:00', '2025-02-02 08:39:00'),
(67, 19, 6, 5, 'Pengalaman terbaik selama trip, bakal kembali lagi.', '2024-11-25 07:14:00', '2024-11-25 07:14:00'),
(68, 19, 5, 5, 'Tempatnya bersih dan nyaman, fotonya bagus sekali.', '2025-02-09 10:33:00', '2025-02-09 10:33:00'),
(69, 19, 4, 5, 'Wajib masuk itinerary, vibes Jepang klasiknya terasa.', '2024-12-26 10:36:00', '2024-12-26 10:36:00'),
(70, 20, 2, 5, 'Tempatnya bersih dan nyaman, fotonya bagus sekali.', '2025-01-13 13:55:00', '2025-01-13 13:55:00'),
(71, 20, 6, 5, 'Pengalaman terbaik selama trip, bakal kembali lagi.', '2025-01-05 20:14:00', '2025-01-05 20:14:00'),
(72, 20, 2, 4, 'Akses transportasi mudah dan fasilitasnya lengkap.', '2024-11-15 20:23:00', '2024-11-15 20:23:00'),
(73, 20, 7, 4, 'Akses transportasi mudah dan fasilitasnya lengkap.', '2024-11-13 08:16:00', '2024-11-13 08:16:00'),
(74, 21, 4, 3, 'Bagus, tapi perlu datang lebih pagi agar lebih tenang.', '2025-01-08 14:14:00', '2025-01-08 14:14:00'),
(75, 21, 4, 5, 'Wajib masuk itinerary, vibes Jepang klasiknya terasa.', '2024-12-23 11:38:00', '2024-12-23 11:38:00'),
(76, 21, 5, 3, 'Bagus, tapi perlu datang lebih pagi agar lebih tenang.', '2024-12-15 08:00:00', '2024-12-15 08:00:00'),
(77, 21, 2, 5, 'Pengalaman terbaik selama trip, bakal kembali lagi.', '2025-01-10 19:02:00', '2025-01-10 19:02:00'),
(78, 22, 4, 5, 'Pengalaman terbaik selama trip, bakal kembali lagi.', '2025-01-15 17:15:00', '2025-01-15 17:15:00'),
(79, 22, 4, 4, 'Staff ramah dan informasi di lokasi jelas.', '2025-01-18 08:25:00', '2025-01-18 08:25:00'),
(80, 22, 7, 4, 'Area cukup luas, cocok untuk jalan santai seharian.', '2024-11-08 09:26:00', '2024-11-08 09:26:00'),
(81, 23, 4, 3, 'Antriannya panjang, tapi worth it untuk dilihat.', '2024-12-10 21:00:00', '2024-12-10 21:00:00'),
(82, 23, 3, 5, 'Wajib masuk itinerary, vibes Jepang klasiknya terasa.', '2024-11-20 14:55:00', '2024-11-20 14:55:00'),
(83, 23, 6, 4, 'Akses transportasi mudah dan fasilitasnya lengkap.', '2024-12-17 21:13:00', '2024-12-17 21:13:00'),
(84, 24, 2, 4, 'Area cukup luas, cocok untuk jalan santai seharian.', '2024-12-13 18:02:00', '2024-12-13 18:02:00'),
(85, 24, 7, 4, 'Staff ramah dan informasi di lokasi jelas.', '2024-10-20 18:09:00', '2024-10-20 18:09:00'),
(86, 25, 2, 4, 'Ramai tapi teratur, suasananya tetap enak dinikmati.', '2024-12-21 11:04:00', '2024-12-21 11:04:00'),
(87, 25, 7, 5, 'Wajib masuk itinerary, vibes Jepang klasiknya terasa.', '2025-01-29 12:26:00', '2025-01-29 12:26:00'),
(88, 25, 3, 4, 'Area cukup luas, cocok untuk jalan santai seharian.', '2025-02-13 07:25:00', '2025-02-13 07:25:00'),
(89, 26, 4, 4, 'Ramai tapi teratur, suasananya tetap enak dinikmati.', '2025-01-21 19:50:00', '2025-01-21 19:50:00'),
(90, 26, 3, 5, 'Pengalaman terbaik selama trip, bakal kembali lagi.', '2024-11-19 09:55:00', '2024-11-19 09:55:00'),
(91, 26, 2, 4, 'Staff ramah dan informasi di lokasi jelas.', '2024-12-09 17:24:00', '2024-12-09 17:24:00'),
(92, 26, 4, 5, 'Tempatnya bersih dan nyaman, fotonya bagus sekali.', '2025-01-01 17:21:00', '2025-01-01 17:21:00'),
(93, 27, 2, 5, 'Spot foto favorit, view-nya luar biasa terutama saat senja.', '2025-02-05 15:21:00', '2025-02-05 15:21:00'),
(94, 27, 3, 5, 'Wajib masuk itinerary, vibes Jepang klasiknya terasa.', '2024-10-18 13:01:00', '2024-10-18 13:01:00'),
(95, 28, 5, 4, 'Akses transportasi mudah dan fasilitasnya lengkap.', '2025-02-13 15:36:00', '2025-02-13 15:36:00'),
(96, 28, 7, 5, 'Spot foto favorit, view-nya luar biasa terutama saat senja.', '2025-01-27 17:12:00', '2025-01-27 17:12:00'),
(97, 28, 3, 5, 'Pengalaman terbaik selama trip, bakal kembali lagi.', '2024-11-26 07:20:00', '2024-11-26 07:20:00'),
(98, 28, 7, 5, 'Tempatnya bersih dan nyaman, fotonya bagus sekali.', '2024-11-02 07:46:00', '2024-11-02 07:46:00'),
(99, 29, 4, 4, 'Akses transportasi mudah dan fasilitasnya lengkap.', '2024-11-30 15:54:00', '2024-11-30 15:54:00'),
(100, 29, 3, 4, 'Ramai tapi teratur, suasananya tetap enak dinikmati.', '2024-12-31 18:51:00', '2024-12-31 18:51:00'),
(101, 29, 6, 5, 'Tempatnya bersih dan nyaman, fotonya bagus sekali.', '2024-10-22 21:33:00', '2024-10-22 21:33:00'),
(102, 29, 6, 3, 'Bagus, tapi perlu datang lebih pagi agar lebih tenang.', '2025-02-05 11:39:00', '2025-02-05 11:39:00'),
(103, 30, 4, 5, 'Pengalaman terbaik selama trip, bakal kembali lagi.', '2024-10-24 15:53:00', '2024-10-24 15:53:00'),
(104, 30, 3, 4, 'Akses transportasi mudah dan fasilitasnya lengkap.', '2024-12-12 15:02:00', '2024-12-12 15:02:00'),
(105, 30, 4, 5, 'Pengalaman terbaik selama trip, bakal kembali lagi.', '2024-12-10 11:56:00', '2024-12-10 11:56:00'),
(106, 30, 7, 5, 'Pengalaman terbaik selama trip, bakal kembali lagi.', '2024-10-21 08:20:00', '2024-10-21 08:20:00'),
(107, 30, 6, 5, 'Wajib masuk itinerary, vibes Jepang klasiknya terasa.', '2025-02-02 20:07:00', '2025-02-02 20:07:00');

INSERT INTO `orders` (`id`, `user_id`, `total_price`, `status`, `note`, `admin_note`, `created_at`, `updated_at`) VALUES
(1, 5, '510707.00', 'completed', 'Pesanan demo untuk kebutuhan portofolio.', NULL, '2024-12-09 16:47:00', '2024-12-09 16:47:00'),
(2, 4, '82812.00', 'processing', 'Pesanan demo untuk kebutuhan portofolio.', NULL, '2025-01-26 15:41:00', '2025-01-26 15:41:00'),
(3, 5, '203639.00', 'processing', 'Pesanan demo untuk kebutuhan portofolio.', NULL, '2024-12-20 09:01:00', '2024-12-20 09:01:00'),
(4, 2, '68198.00', 'completed', 'Pesanan demo untuk kebutuhan portofolio.', NULL, '2024-12-14 08:18:00', '2024-12-14 08:18:00'),
(5, 4, '588067.00', 'processing', 'Pesanan demo untuk kebutuhan portofolio.', NULL, '2024-11-06 17:03:00', '2024-11-06 17:03:00'),
(6, 6, '81395.00', 'pending', 'Pesanan demo untuk kebutuhan portofolio.', NULL, '2024-12-25 13:36:00', '2024-12-25 13:36:00'),
(7, 5, '854092.00', 'processing', 'Pesanan demo untuk kebutuhan portofolio.', NULL, '2024-10-29 15:21:00', '2024-10-29 15:21:00'),
(8, 6, '695481.00', 'completed', 'Pesanan demo untuk kebutuhan portofolio.', NULL, '2024-11-26 18:17:00', '2024-11-26 18:17:00'),
(9, 7, '327076.00', 'pending', 'Pesanan demo untuk kebutuhan portofolio.', NULL, '2024-12-20 12:26:00', '2024-12-20 12:26:00'),
(10, 2, '640844.00', 'processing', 'Pesanan demo untuk kebutuhan portofolio.', NULL, '2024-10-18 17:49:00', '2024-10-18 17:49:00'),
(11, 3, '256857.00', 'completed', 'Pesanan demo untuk kebutuhan portofolio.', NULL, '2025-01-18 16:46:00', '2025-01-18 16:46:00'),
(12, 6, '538189.00', 'pending', 'Pesanan demo untuk kebutuhan portofolio.', NULL, '2024-11-08 17:46:00', '2024-11-08 17:46:00'),
(13, 3, '57697.00', 'processing', 'Pesanan demo untuk kebutuhan portofolio.', NULL, '2024-12-19 15:13:00', '2024-12-19 15:13:00'),
(14, 4, '945885.00', 'pending', 'Pesanan demo untuk kebutuhan portofolio.', NULL, '2024-10-22 20:46:00', '2024-10-22 20:46:00'),
(15, 6, '382055.00', 'pending', 'Pesanan demo untuk kebutuhan portofolio.', NULL, '2024-11-08 12:31:00', '2024-11-08 12:31:00'),
(16, 2, '413841.00', 'pending', 'Pesanan demo untuk kebutuhan portofolio.', NULL, '2024-10-24 14:13:00', '2024-10-24 14:13:00'),
(17, 6, '689769.00', 'completed', 'Pesanan demo untuk kebutuhan portofolio.', NULL, '2024-10-27 13:47:00', '2024-10-27 13:47:00'),
(18, 4, '181323.00', 'completed', 'Pesanan demo untuk kebutuhan portofolio.', NULL, '2025-01-11 12:37:00', '2025-01-11 12:37:00');

INSERT INTO `order_items` (`id`, `order_id`, `souvenir_id`, `quantity`, `price`, `product_name`, `product_price`, `product_image`, `created_at`, `updated_at`) VALUES
(1, 1, 73, 3, '112783.00', 'Osaka Hinoki Aroma Sachet', '112783.00', NULL, '2024-12-09 16:47:00', '2024-12-09 16:47:00'),
(2, 1, 25, 2, '86179.00', 'Fukuoka Seaweed Chips', '86179.00', NULL, '2024-12-09 16:47:00', '2024-12-09 16:47:00'),
(3, 2, 12, 1, '82812.00', 'Tokyo Sakura Tea', '82812.00', NULL, '2025-01-26 15:41:00', '2025-01-26 15:41:00'),
(4, 3, 31, 1, '96573.00', 'Kyoto Yuzu Spread', '96573.00', NULL, '2024-12-20 09:01:00', '2024-12-20 09:01:00'),
(5, 3, 65, 1, '107066.00', 'Fukuoka Washi Notebook', '107066.00', NULL, '2024-12-20 09:01:00', '2024-12-20 09:01:00'),
(6, 4, 40, 1, '68198.00', 'Fukuoka Shoyu Ramen Seasoning', '68198.00', NULL, '2024-12-14 08:18:00', '2024-12-14 08:18:00'),
(7, 5, 80, 3, '162449.00', 'Fukuoka Ceramic Mug', '162449.00', NULL, '2024-11-06 17:03:00', '2024-11-06 17:03:00'),
(8, 5, 46, 1, '100720.00', 'Kyoto Patterned Tenugui', '100720.00', NULL, '2024-11-06 17:03:00', '2024-11-06 17:03:00'),
(9, 6, 59, 1, '81395.00', 'Hokkaido Gamaguchi Coin Purse', '81395.00', NULL, '2024-12-25 13:36:00', '2024-12-25 13:36:00'),
(10, 7, 2, 1, '55369.00', 'Tokyo Matcha Cookies', '55369.00', NULL, '2024-10-29 15:21:00', '2024-10-29 15:21:00'),
(11, 7, 51, 3, '149795.00', 'Kyoto Sensu Folding Fan', '149795.00', NULL, '2024-10-29 15:21:00', '2024-10-29 15:21:00'),
(12, 7, 39, 3, '116446.00', 'Hokkaido Shoyu Ramen Seasoning', '116446.00', NULL, '2024-10-29 15:21:00', '2024-10-29 15:21:00'),
(13, 8, 16, 3, '163538.00', 'Kyoto Nama Chocolate', '163538.00', NULL, '2024-11-26 18:17:00', '2024-11-26 18:17:00'),
(14, 8, 50, 1, '97394.00', 'Fukuoka Patterned Tenugui', '97394.00', NULL, '2024-11-26 18:17:00', '2024-11-26 18:17:00'),
(15, 8, 55, 1, '107473.00', 'Fukuoka Sensu Folding Fan', '107473.00', NULL, '2024-11-26 18:17:00', '2024-11-26 18:17:00'),
(16, 9, 16, 2, '163538.00', 'Kyoto Nama Chocolate', '163538.00', NULL, '2024-12-20 12:26:00', '2024-12-20 12:26:00'),
(17, 10, 21, 3, '65073.00', 'Kyoto Seaweed Chips', '65073.00', NULL, '2024-10-18 17:49:00', '2024-10-18 17:49:00'),
(18, 10, 46, 2, '100720.00', 'Kyoto Patterned Tenugui', '100720.00', NULL, '2024-10-18 17:49:00', '2024-10-18 17:49:00'),
(19, 10, 59, 3, '81395.00', 'Hokkaido Gamaguchi Coin Purse', '81395.00', NULL, '2024-10-18 17:49:00', '2024-10-18 17:49:00'),
(20, 11, 20, 1, '91782.00', 'Fukuoka Nama Chocolate', '91782.00', NULL, '2025-01-18 16:46:00', '2025-01-18 16:46:00'),
(21, 11, 28, 3, '55025.00', 'Osaka Butter Biscuits', '55025.00', NULL, '2025-01-18 16:46:00', '2025-01-18 16:46:00'),
(22, 12, 71, 2, '116308.00', 'Kyoto Hinoki Aroma Sachet', '116308.00', NULL, '2024-11-08 17:46:00', '2024-11-08 17:46:00'),
(23, 12, 66, 3, '55433.00', 'Kyoto Gel Pen Set', '55433.00', NULL, '2024-11-08 17:46:00', '2024-11-08 17:46:00'),
(24, 12, 67, 2, '69637.00', 'Tokyo Gel Pen Set', '69637.00', NULL, '2024-11-08 17:46:00', '2024-11-08 17:46:00'),
(25, 13, 62, 1, '57697.00', 'Tokyo Washi Notebook', '57697.00', NULL, '2024-12-19 15:13:00', '2024-12-19 15:13:00'),
(26, 14, 14, 3, '107509.00', 'Hokkaido Sakura Tea', '107509.00', NULL, '2024-10-22 20:46:00', '2024-10-22 20:46:00'),
(27, 14, 65, 3, '107066.00', 'Fukuoka Washi Notebook', '107066.00', NULL, '2024-10-22 20:46:00', '2024-10-22 20:46:00'),
(28, 14, 46, 3, '100720.00', 'Kyoto Patterned Tenugui', '100720.00', NULL, '2024-10-22 20:46:00', '2024-10-22 20:46:00'),
(29, 15, 18, 1, '151535.00', 'Osaka Nama Chocolate', '151535.00', NULL, '2024-11-08 12:31:00', '2024-11-08 12:31:00'),
(30, 15, 47, 2, '115260.00', 'Tokyo Patterned Tenugui', '115260.00', NULL, '2024-11-08 12:31:00', '2024-11-08 12:31:00'),
(31, 16, 9, 3, '93295.00', 'Hokkaido Red Bean Mochi', '93295.00', NULL, '2024-10-24 14:13:00', '2024-10-24 14:13:00'),
(32, 16, 24, 3, '44652.00', 'Hokkaido Seaweed Chips', '44652.00', NULL, '2024-10-24 14:13:00', '2024-10-24 14:13:00'),
(33, 17, 15, 3, '84697.00', 'Fukuoka Sakura Tea', '84697.00', NULL, '2024-10-27 13:47:00', '2024-10-27 13:47:00'),
(34, 17, 13, 3, '145226.00', 'Osaka Sakura Tea', '145226.00', NULL, '2024-10-27 13:47:00', '2024-10-27 13:47:00'),
(35, 18, 72, 3, '60441.00', 'Tokyo Hinoki Aroma Sachet', '60441.00', NULL, '2025-01-11 12:37:00', '2025-01-11 12:37:00');

INSERT INTO `payments` (`id`, `order_id`, `provider`, `provider_ref`, `status`, `amount`, `currency`, `payload_json`, `paid_at`, `created_at`, `updated_at`) VALUES
(1, 1, 'paypal', 'ORD-001-DEMO', 'paid', '510707.00', 'IDR', '{"seeded":true}', '2024-12-10 14:47:00', '2024-12-09 16:47:00', '2024-12-09 16:47:00'),
(2, 2, 'midtrans', 'ORD-002-DEMO', 'paid', '82812.00', 'IDR', '{"seeded":true}', '2025-01-27 14:41:00', '2025-01-26 15:41:00', '2025-01-26 15:41:00'),
(3, 3, 'paypal', 'ORD-003-DEMO', 'paid', '203639.00', 'IDR', '{"seeded":true}', '2024-12-21 09:01:00', '2024-12-20 09:01:00', '2024-12-20 09:01:00'),
(4, 4, 'paypal', 'ORD-004-DEMO', 'paid', '68198.00', 'IDR', '{"seeded":true}', '2024-12-15 05:18:00', '2024-12-14 08:18:00', '2024-12-14 08:18:00'),
(5, 5, 'midtrans', 'ORD-005-DEMO', 'paid', '588067.00', 'IDR', '{"seeded":true}', '2024-11-07 10:03:00', '2024-11-06 17:03:00', '2024-11-06 17:03:00'),
(6, 6, 'paypal', 'ORD-006-DEMO', 'failed', '81395.00', 'IDR', '{"seeded":true}', NULL, '2024-12-25 13:36:00', '2024-12-25 13:36:00'),
(7, 7, 'midtrans', 'ORD-007-DEMO', 'paid', '854092.00', 'IDR', '{"seeded":true}', '2024-10-29 23:21:00', '2024-10-29 15:21:00', '2024-10-29 15:21:00'),
(8, 8, 'midtrans', 'ORD-008-DEMO', 'paid', '695481.00', 'IDR', '{"seeded":true}', '2024-11-27 10:17:00', '2024-11-26 18:17:00', '2024-11-26 18:17:00'),
(9, 9, 'paypal', 'ORD-009-DEMO', 'expired', '327076.00', 'IDR', '{"seeded":true}', NULL, '2024-12-20 12:26:00', '2024-12-20 12:26:00'),
(10, 10, 'midtrans', 'ORD-010-DEMO', 'paid', '640844.00', 'IDR', '{"seeded":true}', '2024-10-19 12:49:00', '2024-10-18 17:49:00', '2024-10-18 17:49:00'),
(11, 11, 'midtrans', 'ORD-011-DEMO', 'paid', '256857.00', 'IDR', '{"seeded":true}', '2025-01-19 10:46:00', '2025-01-18 16:46:00', '2025-01-18 16:46:00'),
(12, 12, 'midtrans', 'ORD-012-DEMO', 'pending', '538189.00', 'IDR', '{"seeded":true}', NULL, '2024-11-08 17:46:00', '2024-11-08 17:46:00'),
(13, 13, 'midtrans', 'ORD-013-DEMO', 'paid', '57697.00', 'IDR', '{"seeded":true}', '2024-12-20 14:13:00', '2024-12-19 15:13:00', '2024-12-19 15:13:00'),
(14, 14, 'midtrans', 'ORD-014-DEMO', 'failed', '945885.00', 'IDR', '{"seeded":true}', NULL, '2024-10-22 20:46:00', '2024-10-22 20:46:00'),
(15, 15, 'paypal', 'ORD-015-DEMO', 'pending', '382055.00', 'IDR', '{"seeded":true}', NULL, '2024-11-08 12:31:00', '2024-11-08 12:31:00'),
(16, 16, 'paypal', 'ORD-016-DEMO', 'pending', '413841.00', 'IDR', '{"seeded":true}', NULL, '2024-10-24 14:13:00', '2024-10-24 14:13:00'),
(17, 17, 'paypal', 'ORD-017-DEMO', 'paid', '689769.00', 'IDR', '{"seeded":true}', '2024-10-28 11:47:00', '2024-10-27 13:47:00', '2024-10-27 13:47:00'),
(18, 18, 'paypal', 'ORD-018-DEMO', 'paid', '181323.00', 'IDR', '{"seeded":true}', '2025-01-11 16:37:00', '2025-01-11 12:37:00', '2025-01-11 12:37:00');

COMMIT;
